SNP	CHR	BP	P	N	PIP
3_16732415	3	16732415	7.13e-18	906	0.992551620810714
4_19512894	4	19512894	2.45e-12	12	0.00691202521329826
4_19141178	4	19141178	1.24e-11	4	0.000494911578496016
3_559051	3	559051	2.71e-11	163	2.81263842194512e-06
5_5377178	5	5377178	1.33e-10	33	2.9040477708131e-06
7_23827843	7	23827843	9.29e-10	0	5.35743400509325e-06
3_878126	3	878126	1.56e-09	28	7.53326621927286e-06
3_17011911	3	17011911	4.24e-09	21	8.3314868752904e-06
3_1231129	3	1231129	1.54e-08	2	1.45035241990721e-05
